index,k__Chromista;p__Myzozoa;c__Dinophyceae;o__Suessiales;f__Symbiodiniaceae;g__Cladocopium;s__Cspc_C3-DQ335313.1,k__Chromista;p__Myzozoa;c__Dinophyceae;o__Suessiales;f__Symbiodiniaceae;g__Cladocopium;s__C50-AB704050.1,k__Chromista;p__Myzozoa;c__Dinophyceae;o__Suessiales;f__Symbiodiniaceae;g__Cladocopium;s__C1.v1a-FJ919243.1,k__Chromista;p__Myzozoa;c__Dinophyceae;o__Suessiales;f__Symbiodiniaceae;g__Cladocopium;s__C50-KJ806189.1,k__Chromista;p__Myzozoa;c__Dinophyceae;o__Suessiales;f__Symbiodiniaceae;g__Cladocopium;s__C21a-HQ650836.1,k__Chromista;p__Myzozoa;c__Dinophyceae;o__Suessiales;f__Symbiodiniaceae;g__Cladocopium;s__C15.7,k__Chromista;p__Myzozoa;c__Dinophyceae;o__Suessiales;f__Symbiodiniaceae;g__Cladocopium;s__C1d-GU111885.1,k__Chromista;p__Myzozoa;c__Dinophyceae;o__Suessiales;f__Symbiodiniaceae;g__Cladocopium;s__C42type1_C42a-AY237303.1,k__Chromista;p__Myzozoa;c__Dinophyceae;o__Suessiales;f__Symbiodiniaceae;g__Cladocopium;s__C27_C30type1-EU703806.1,k__Chromista;p__Myzozoa;c__Dinophyceae;o__Suessiales;f__Symbiodiniaceae;g__Cladocopium;s__C1c.C45-DQ068025.1,k__Chromista;p__Myzozoa;c__Dinophyceae;o__Suessiales;f__Symbiodiniaceae;g__Cladocopium;s__C3d_C21-KU841795.1,k__Chromista;p__Myzozoa;c__Dinophyceae;o__Suessiales;f__Symbiodiniaceae;g__Cladocopium;s__C1-DQ480600.1,k__Chromista;p__Myzozoa;c__Dinophyceae;o__Suessiales;f__Symbiodiniaceae;g__Durusdinium;s__D1-EU074894.1,k__Chromista;p__Myzozoa;c__Dinophyceae;o__Suessiales;f__Symbiodiniaceae;g__Symbiodinium;s__A1-AF333505.1,k__Chromista;p__Myzozoa;c__Dinophyceae;o__Suessiales;f__Symbiodiniaceae;g__Symbiodinium;s__A3-AF333507.1,k__Chromista;p__Myzozoa;c__Dinophyceae;o__Suessiales;f__Symbiodiniaceae;g__Cladocopium;s__C59-KY988245.1,k__Chromista;p__Myzozoa;c__Dinophyceae;o__Suessiales;f__Symbiodiniaceae;g__Symbiodinium;s__A3-KM816410.1,k__Chromista;p__Myzozoa;c__Dinophyceae;o__Suessiales;f__Symbiodiniaceae;g__Cladocopium;s__C1.6-FJ461493.1,k__Chromista;p__Myzozoa;c__Dinophyceae;o__Suessiales;f__Symbiodiniaceae;g__Cladocopium;s__C15h-EU118166.1,k__Chromista;p__Myzozoa;c__Dinophyceae;o__Suessiales;f__Symbiodiniaceae;g__Cladocopium;s__C1-AB778611.1,k__Chromista;p__Myzozoa;c__Dinophyceae;o__Suessiales;f__Symbiodiniaceae;g__Cladocopium;s__C42type1_C42a-KF623644.1,k__Chromista;p__Myzozoa;c__Dinophyceae;o__Suessiales;f__Symbiodiniaceae;g__Cladocopium;s__C4-KU841838.1,k__Chromista;p__Myzozoa;c__Dinophyceae;o__Suessiales;f__Symbiodiniaceae;g__Cladocopium;s__Cspc_C3-EF428338.1,k__Chromista;p__Myzozoa;c__Dinophyceae;o__Suessiales;f__Symbiodiniaceae;g__Cladocopium;s__C115a-EU786053.1,k__Chromista;p__Myzozoa;c__Dinophyceae;o__Suessiales;f__Symbiodiniaceae;g__Cladocopium;s__Cspc_C3-AB778595.1,k__Chromista;p__Myzozoa;c__Dinophyceae;o__Suessiales;f__Symbiodiniaceae;g__Cladocopium;s__Cspc_C3-HM222437.1,k__Chromista;p__Myzozoa;c__Dinophyceae;o__Suessiales;f__Symbiodiniaceae;g__Cladocopium;s__C#-KY988211.1,k__Chromista;p__Myzozoa;c__Dinophyceae;o__Suessiales;f__Symbiodiniaceae;g__Cladocopium;s__C3.10-FJ461505.1,k__Chromista;p__Myzozoa;c__Dinophyceae;o__Suessiales;f__Symbiodiniaceae;g__Durusdinium;s__D1a-AF174556.1,k__Chromista;p__Myzozoa;c__Dinophyceae;o__Suessiales;f__Symbiodiniaceae;g__Cladocopium;s__C1-KY988287.1,k__Chromista;p__Myzozoa;c__Dinophyceae;o__Suessiales;f__Symbiodiniaceae;g__Cladocopium;s__C1-FJ529644.1,k__Chromista;p__Myzozoa;c__Dinophyceae;o__Suessiales;f__Symbiodiniaceae;g__Cladocopium;s__C50-HM031104.1,k__Chromista;p__Myzozoa;c__Dinophyceae;o__Suessiales;f__Symbiodiniaceae;g__Cladocopium;s__C1f-KF623636.1,k__Chromista;p__Myzozoa;c__Dinophyceae;o__Suessiales;f__Symbiodiniaceae;g__Cladocopium;s__C15c-AY258492.1,k__Chromista;p__Myzozoa;c__Dinophyceae;o__Suessiales;f__Symbiodiniaceae;g__Cladocopium;s__C27_C30type1-KF623574.1,k__Chromista;p__Myzozoa;c__Dinophyceae;o__Suessiales;f__Symbiodiniaceae;g__Cladocopium;s__C1-KF623680.1,Unassigned;__;__;__;__;__;__,k__Chromista;p__Myzozoa;c__Dinophyceae;o__Suessiales;f__Symbiodiniaceae;g__Cladocopium;s__Cspc_C3-AB665701.1,k__Chromista;p__Myzozoa;c__Dinophyceae;o__Suessiales;f__Symbiodiniaceae;g__Cladocopium;s__C1ca_C1b_C1e-FJ529635.1,k__Chromista;p__Myzozoa;c__Dinophyceae;o__Suessiales;f__Symbiodiniaceae;g__Symbiodinium;s__A3-KR013750.1,k__Chromista;p__Myzozoa;c__Dinophyceae;o__Suessiales;f__Symbiodiniaceae;g__Cladocopium;s__Cspc_C3-AB294649.1,k__Chromista;p__Myzozoa;c__Dinophyceae;o__Suessiales;f__Symbiodiniaceae;g__Cladocopium;s__Cspc_C3-HM222431.1,k__Chromista;p__Myzozoa;c__Dinophyceae;o__Suessiales;f__Symbiodiniaceae;g__Cladocopium;s__C7-FJ224031.1,k__Chromista;p__Myzozoa;c__Dinophyceae;o__Suessiales;f__Symbiodiniaceae;g__Cladocopium;s__C15-KF623656.1,k__Chromista;p__Myzozoa;c__Dinophyceae;o__Suessiales;f__Symbiodiniaceae;g__Cladocopium;s__Cspc_C3-EF656434.1,k__Chromista;p__Myzozoa;c__Dinophyceae;o__Suessiales;f__Symbiodiniaceae;g__Cladocopium;s__Cspc_C3-JF320826.1,k__Chromista;p__Myzozoa;c__Dinophyceae;o__Suessiales;f__Symbiodiniaceae;g__Durusdinium;s__D1a-AB778750.1,k__Chromista;p__Myzozoa;c__Dinophyceae;o__Suessiales;f__Symbiodiniaceae;g__Cladocopium;s__Cspc_C3-EU786011.1,k__Chromista;p__Myzozoa;c__Dinophyceae;o__Suessiales;f__Symbiodiniaceae;g__Cladocopium;s__C15.6-KF623676.1,k__Chromista;p__Myzozoa;c__Dinophyceae;o__Suessiales;f__Symbiodiniaceae;g__Cladocopium;s__C1-KF623594.1,k__Chromista;p__Myzozoa;c__Dinophyceae;o__Suessiales;f__Symbiodiniaceae;g__Cladocopium;s__C1-KF623641.1,k__Chromista;p__Myzozoa;c__Dinophyceae;o__Suessiales;f__Symbiodiniaceae;g__Cladocopium;s__C1j-FJ529645.1,k__Chromista;p__Myzozoa;c__Dinophyceae;o__Suessiales;f__Symbiodiniaceae;g__Cladocopium;s__Cspc_C3-KY988166.1,k__Chromista;p__Myzozoa;c__Dinophyceae;o__Suessiales;f__Symbiodiniaceae;g__Cladocopium;s__C101-GU111881.1,k__Chromista;p__Myzozoa;c__Dinophyceae;o__Suessiales;f__Symbiodiniaceae;g__Cladocopium;s__C1-AB778665.1,k__Chromista;p__Myzozoa;c__Dinophyceae;o__Suessiales;f__Symbiodiniaceae;g__Cladocopium;s__C27_C30type1-KF623589.1,k__Chromista;p__Myzozoa;c__Dinophyceae;o__Suessiales;f__Symbiodiniaceae;g__Symbiodinium;s__A6-AF195151.1,k__Chromista;p__Myzozoa;c__Dinophyceae;o__Suessiales;f__Symbiodiniaceae;g__Cladocopium;s__C31-GU111893.1,k__Chromista;p__Myzozoa;c__Dinophyceae;o__Suessiales;f__Symbiodiniaceae;g__Cladocopium;s__C#-JF298201.1,k__Chromista;p__Myzozoa;c__Dinophyceae;o__Suessiales;f__Symbiodiniaceae;g__Cladocopium;s__C1f-KY988198.1,k__Chromista;p__Myzozoa;c__Dinophyceae;o__Suessiales;f__Symbiodiniaceae;g__Cladocopium;s__Cspc_C3-HQ896368.1,k__Chromista;p__Myzozoa;c__Dinophyceae;o__Suessiales;f__Symbiodiniaceae;g__Cladocopium;s__C7-GQ479800.1,k__Chromista;p__Myzozoa;c__Dinophyceae;o__Suessiales;f__Symbiodiniaceae;g__Cladocopium;s__C45.3-KF623622.1,k__Chromista;p__Myzozoa;c__Dinophyceae;o__Suessiales;f__Symbiodiniaceae;g__Cladocopium;s__C44-FJ646576.1,k__Chromista;p__Myzozoa;c__Dinophyceae;o__Suessiales;f__Symbiodiniaceae;g__Cladocopium;s__C3z-KF551191.1,k__Chromista;p__Myzozoa;c__Dinophyceae;o__Suessiales;f__Symbiodiniaceae;g__Cladocopium;s__C3.14-HQ630872.1,k__Chromista;p__Myzozoa;c__Dinophyceae;o__Suessiales;f__Symbiodiniaceae;g__Cladocopium;s__C1-KF623587.1,k__Chromista;p__Myzozoa;c__Dinophyceae;o__Suessiales;f__Symbiodiniaceae;g__Cladocopium;s__Cspc_C3-EU786069.1,k__Chromista;p__Myzozoa;c__Dinophyceae;o__Suessiales;f__Symbiodiniaceae;g__Cladocopium;s__C3w-EU828676.1,k__Chromista;p__Myzozoa;c__Dinophyceae;o__Suessiales;f__Symbiodiniaceae;g__Cladocopium;s__C42type2-HQ385810.1,k__Chromista;p__Myzozoa;c__Dinophyceae;o__Suessiales;f__Symbiodiniaceae;g__Cladocopium;s__C3.8-FJ461503.1,k__Chromista;p__Myzozoa;c__Dinophyceae;o__Suessiales;f__Symbiodiniaceae;g__Cladocopium;s__C1a-KF623660.1,k__Chromista;p__Myzozoa;c__Dinophyceae;o__Suessiales;f__Symbiodiniaceae;g__Cladocopium;s__C1-KY988183.1,k__Chromista;p__Myzozoa;c__Dinophyceae;o__Suessiales;f__Symbiodiniaceae;g__Durusdinium;s__D8-EU812748.1,k__Chromista;p__Myzozoa;c__Dinophyceae;o__Suessiales;f__Symbiodiniaceae;g__Cladocopium;s__Cspc_C3-FJ529651.1,k__Chromista;p__Myzozoa;c__Dinophyceae;o__Suessiales;f__Symbiodiniaceae;g__Cladocopium;s__C1-KY988187.1,k__Chromista;p__Myzozoa;c__Dinophyceae;o__Suessiales;f__Symbiodiniaceae;g__Cladocopium;s__C1-FJ529638.1,k__Chromista;p__Myzozoa;c__Dinophyceae;o__Suessiales;f__Symbiodiniaceae;g__Cladocopium;s__C18-AY258478.1,k__Chromista;p__Myzozoa;c__Dinophyceae;o__Suessiales;f__Symbiodiniaceae;g__Cladocopium;s__C45.3-KF623602.1,k__Chromista;p__Myzozoa;c__Dinophyceae;o__Suessiales;f__Symbiodiniaceae;g__Cladocopium;s__C1h-AY258473.1,k__Chromista;p__Myzozoa;c__Dinophyceae;o__Suessiales;f__Symbiodiniaceae;g__Cladocopium;s__C1-DQ480609.1,k__Chromista;p__Myzozoa;c__Dinophyceae;o__Suessiales;f__Symbiodiniaceae;g__Cladocopium;s__C65-AY589769.1,k__Chromista;p__Myzozoa;c__Dinophyceae;o__Suessiales;f__Symbiodiniaceae;g__Cladocopium;s__C1a-KP134443.1,k__Chromista;p__Myzozoa;c__Dinophyceae;o__Suessiales;f__Symbiodiniaceae;g__Durusdinium;s__D9-KU842643.1,k__Chromista;p__Myzozoa;c__Dinophyceae;o__Suessiales;f__Symbiodiniaceae;g__Cladocopium;s__C15-KF623616.1,k__Chromista;p__Myzozoa;c__Dinophyceae;o__Suessiales;f__Symbiodiniaceae;g__Cladocopium;s__C42type1_C42a-KF623597.1,k__Chromista;p__Myzozoa;c__Dinophyceae;o__Suessiales;f__Symbiodiniaceae;g__Cladocopium;s__C116-GU111899.1,k__Chromista;p__Myzozoa;c__Dinophyceae;o__Suessiales;f__Symbiodiniaceae;g__Cladocopium;s__C21.11-HQ630874.1,k__Chromista;p__Myzozoa;c__Dinophyceae;o__Suessiales;f__Symbiodiniaceae;g__Cladocopium;s__C16-KP178786.1,k__Chromista;p__Myzozoa;c__Dinophyceae;o__Suessiales;f__Symbiodiniaceae;g__Cladocopium;s__C3t-HM222432.1,k__Chromista;p__Myzozoa;c__Dinophyceae;o__Suessiales;f__Symbiodiniaceae;g__Cladocopium;s__C#-KY988298.1,k__Chromista;p__Myzozoa;c__Dinophyceae;o__Suessiales;f__Symbiodiniaceae;g__Cladocopium;s__C#-KY988269.1,k__Chromista;p__Myzozoa;c__Dinophyceae;o__Suessiales;f__Symbiodiniaceae;g__Durusdinium;s__D5-KU842710.1,k__Chromista;p__Myzozoa;c__Dinophyceae;o__Suessiales;f__Symbiodiniaceae;g__Cladocopium;s__C1#-JF320827.1,k__Chromista;p__Myzozoa;c__Dinophyceae;o__Suessiales;f__Symbiodiniaceae;g__Symbiodinium;s__A3-EU074928.1,k__Chromista;p__Myzozoa;c__Dinophyceae;o__Suessiales;f__Symbiodiniaceae;g__Cladocopium;s__C45.3-KF623681.1,k__Chromista;p__Myzozoa;c__Dinophyceae;o__Suessiales;f__Symbiodiniaceae;g__Cladocopium;s__C58-AY589762.1,k__Chromista;p__Myzozoa;c__Dinophyceae;o__Suessiales;f__Symbiodiniaceae;g__Cladocopium;s__C1-AB778639.1,k__Chromista;p__Myzozoa;c__Dinophyceae;o__Suessiales;f__Symbiodiniaceae;g__Cladocopium;s__C31.6-HQ630878.1,k__Chromista;p__Myzozoa;c__Dinophyceae;o__Suessiales;f__Symbiodiniaceae;g__Gerakladium;s__G3-AB253788.1,k__Animalia;p__Cnidaria;c__Hexacorallia;o__Scleractinia;f__Pocilloporidae;g__Madracis;s__ Madracis kyrbyi,k__Chromista;p__Myzozoa;c__Dinophyceae;o__Suessiales;f__Symbiodiniaceae;g__Gerakladium;s__G3-JQ247051.1,k__Chromista;p__Myzozoa;c__Dinophyceae;o__Suessiales;f__Symbiodiniaceae;g__Cladocopium;s__C1-KY988291.1,k__Animalia;p__Cnidaria;c__Hexacorallia;o__Scleractinia;f__Fungiidae;g__Ctenactis;s__ Ctenactis crassa,k__Chromista;p__Myzozoa;c__Dinophyceae;o__Gonyaulacales;f__Amphidomataceae;g__Azadinium;s__ Azadinium spinosum,k__Chromista;p__Myzozoa;c__Dinophyceae;o__Suessiales;f__Symbiodiniaceae;g__Symbiodinium;s__A2-ISS-C2-Sy-AF184948.1,k__Animalia;p__Cnidaria;c__Hexacorallia;o__Scleractinia;f__Agaricidae;g__Leptoseris;s__ Leptoseris papyracea,k__Chromista;p__Myzozoa;c__Dinophyceae;o__Suessiales;f__Symbiodiniaceae;g__Fugacium;s__F5.2b,index1,index2,Sample_Project,Type,Depth,Location,Island,Region,Genus,Species,Year
Ate2,458,864,0,802,0,0,0,0,0,0,0,0,0,0,0,0,0,0,0,0,0,0,0,0,0,0,0,0,0,0,0,0,0,0,0,0,19,0,0,0,0,0,0,0,0,0,0,0,0,0,0,0,0,0,0,0,0,0,0,0,0,0,0,0,0,0,0,0,0,0,0,0,0,0,0,0,0,0,0,0,0,0,0,0,0,0,0,0,0,0,0,0,0,0,0,0,0,0,0,0,0,0,0,0,0,0,0,0,TGGCAAGACTCT,CGCAAATTCGAC,,Adult,5,Sesoko,Okinawa,Central Ryukyus,Acropora,Acropora tenuis,2010
C12,317,3036,88,1066,0,0,0,0,0,0,0,50,0,0,0,0,0,0,0,0,0,0,0,0,0,0,0,0,136,0,0,0,0,0,0,0,27,0,0,0,0,0,0,0,0,0,0,0,0,0,0,0,0,0,0,0,0,0,0,0,0,0,0,0,0,0,0,0,0,0,0,0,0,0,0,0,0,0,0,0,0,0,0,23,0,0,0,0,0,0,0,0,0,0,10,0,0,0,0,0,0,0,0,0,0,0,0,0,TGCAATGTTGCT,ACACTAGATCCG,Saki,Adult,5,Sesoko,Okinawa,Central Ryukyus,Acropora,Acropora tenuis,2008
C3,0,0,0,0,0,0,0,0,0,0,0,0,0,0,0,0,1,0,0,0,0,0,0,0,0,0,0,0,0,0,0,0,0,0,0,0,0,0,0,0,0,0,0,0,0,0,0,0,0,0,0,0,0,0,0,0,0,0,0,0,0,0,0,0,0,0,0,0,0,0,0,0,0,0,0,0,0,0,0,0,0,0,0,0,0,0,0,0,0,0,0,0,0,0,0,0,0,0,0,0,0,0,0,0,0,0,0,0,TAACGCTTGGGT,ACACTAGATCCG,Saki,Adult,5,Akajima,Kerama,Central Ryukyus,Acropora,Acropora tenuis,2008
C6,1341,10826,0,5196,0,0,0,0,0,0,0,0,0,0,0,0,0,0,0,0,0,0,0,0,0,0,0,62,0,0,0,0,0,0,0,0,215,0,0,0,0,0,0,0,0,0,0,0,0,0,0,0,0,0,0,0,0,0,0,0,0,0,0,0,0,0,0,0,0,0,53,0,0,0,36,0,0,32,0,0,0,0,0,0,0,0,0,0,0,0,0,0,0,0,0,0,0,0,0,0,0,0,0,0,0,0,0,0,AATCTTGCTGCA,ACACTAGATCCG,Saki,Adult,5,Akajima,Kerama,Central Ryukyus,Acropora,Acropora tenuis,2008
CT2,0,0,0,0,0,0,0,0,626,0,52,0,0,0,0,0,0,0,0,0,0,0,0,0,0,0,0,0,0,0,0,0,0,0,0,0,0,0,0,0,0,0,0,0,0,0,0,0,0,0,0,0,0,0,0,0,0,0,0,0,0,0,0,0,0,0,0,0,0,0,0,0,0,0,0,0,0,0,0,0,0,0,0,0,0,0,0,0,0,0,0,0,0,0,0,0,0,0,0,0,0,0,0,2,0,0,0,0,ATTAGTTCGCGT,ACACTAGATCCG,,Adult,15,Sesoko,Okinawa,Central Ryukyus,Ctenactis,Ctenactis ap.,2010
I3,50,0,0,0,0,0,0,0,0,0,0,0,0,0,0,0,0,0,0,0,0,0,0,0,0,0,0,0,0,0,0,0,0,0,0,0,0,0,0,0,0,0,0,0,0,0,0,0,0,0,0,0,0,0,0,0,0,0,0,0,0,0,0,0,0,0,0,0,0,0,0,0,0,0,0,0,0,0,0,0,0,0,0,0,0,0,0,0,0,0,0,0,0,0,0,0,0,0,0,0,0,0,0,0,0,0,0,0,CGTCCGAAATAC,ATGGACCGAACC,,Adult,2,Shiraho,Ishigaki,Yaeyama,Heliopora,Heliopora coreulea,2009
I4,2360,0,0,0,0,0,0,0,0,0,0,0,0,0,0,0,0,0,0,0,0,0,0,0,0,0,0,0,0,0,0,0,0,0,0,0,47,0,0,0,0,106,0,0,0,0,0,0,0,0,0,0,0,0,0,0,0,0,0,0,19,0,0,0,0,0,0,0,0,0,0,0,0,0,0,0,0,0,0,0,0,0,0,0,0,0,0,0,0,0,0,0,0,0,0,0,0,0,0,0,0,0,0,0,0,0,0,0,GCAGGATAGATA,ATGGACCGAACC,,Adult,2,Shiraho,Ishigaki,Yaeyama,Heliopora,Heliopora coreulea,2009
Ihe2,226,0,399,0,281,48,0,1051,36,198,0,0,4,0,0,0,0,0,0,0,108,0,20,0,0,0,0,0,0,0,0,0,0,0,0,67,22,0,0,0,0,0,0,0,0,0,0,0,0,0,14,0,0,0,0,0,0,0,0,0,0,0,29,0,0,0,0,0,0,0,0,0,0,0,0,0,0,0,0,0,0,0,0,0,0,18,0,0,0,0,0,0,0,0,0,10,0,0,0,0,0,0,0,0,0,0,0,0,AGCTTGACAGCT,ATGGACCGAACC,,Adult,5,Iheya,Okinawa,Central Ryukyus,Pocillopora,Pocillopora damicornis,2022
Ihe3,109,0,37,0,105,30,0,26,16,0,0,0,0,413,0,0,0,0,0,0,0,0,29,0,0,0,0,0,0,0,0,0,0,0,0,0,14,0,0,0,0,0,0,0,0,0,0,0,0,0,0,0,0,0,0,0,0,0,0,0,0,0,0,0,0,0,0,0,0,0,0,0,0,0,0,0,0,0,0,0,0,0,0,0,0,0,0,0,0,0,0,0,0,0,0,0,0,0,0,0,0,0,0,0,0,0,0,0,TCTGTTGCTCTC,ATGGACCGAACC,,Adult,5,Iheya,Okinawa,Central Ryukyus,Pocillopora,Pocillopora damicornis,
Ihe4,158,0,115,0,172,29,0,209,50,50,0,0,0,560,0,0,0,0,0,0,0,0,42,0,0,0,0,0,0,0,0,0,0,0,0,0,37,0,0,0,0,0,0,0,0,0,0,0,0,0,0,0,0,0,0,0,0,0,0,0,0,0,0,0,0,0,0,0,0,0,0,0,0,0,0,0,0,0,0,0,0,0,0,0,0,0,0,0,0,0,0,0,0,0,0,0,0,0,0,0,0,0,0,0,0,0,0,0,AGTTCCCGAGTA,ATGGACCGAACC,,Adult,5,Iheya,Okinawa,Central Ryukyus,Pocillopora,Pocillopora damicornis,
KK1,0,0,252,0,0,0,0,800,0,246,0,0,0,0,0,0,0,0,0,0,112,0,0,0,0,0,0,0,0,0,16,0,0,0,0,0,0,0,0,0,0,0,0,0,0,0,0,0,0,0,30,0,0,0,0,0,0,0,0,0,0,0,14,0,0,0,0,0,0,0,0,12,0,0,0,0,0,0,0,0,0,0,0,0,0,10,0,0,0,0,0,0,0,0,0,0,0,0,0,0,0,0,0,0,0,0,0,0,TAACACCACATC,AGCCGGCACATA,,Adult,3,KenKen,Okinawa,Central Ryukyus,Pocillopora,Pocillopora damicornis,2015
KK2,0,0,110,0,0,12,0,0,0,0,0,0,0,0,0,143,0,0,0,0,0,0,0,0,0,0,23,0,0,28,0,0,0,0,0,0,0,0,0,0,0,0,0,0,0,0,0,0,0,0,0,0,0,0,0,0,0,0,0,0,0,0,0,0,0,0,0,0,0,0,0,0,0,0,0,0,0,0,0,0,0,0,0,0,0,0,0,0,0,0,0,0,0,0,0,0,0,0,0,0,0,0,0,0,0,0,0,0,GACACATTTCTG,AGCCGGCACATA,,Adult,3,KenKen,Okinawa,Central Ryukyus,cf. Madracis,cf. Madracis sp.,2015
KK3,0,0,648,31,0,171,1458,56,0,74,0,72,5,0,0,0,0,0,0,0,0,0,0,0,0,0,0,0,0,0,0,0,0,0,0,0,33,0,0,0,0,0,0,0,0,0,0,0,0,0,0,0,0,0,0,0,0,0,0,0,0,0,0,0,0,0,0,0,0,0,0,0,0,0,0,0,0,0,0,0,0,0,0,0,0,0,0,0,0,0,0,0,0,0,0,0,0,0,0,0,0,0,0,0,2,0,0,0,CTCTACCTCTAC,AGCCGGCACATA,,Adult,3,KenKen,Okinawa,Central Ryukyus,Pocillopora,Pocillopora damicornis,2015
Mot1,85,0,407,0,0,0,1900,0,0,231,0,0,0,0,0,0,0,0,0,0,0,0,0,0,0,0,0,0,0,0,59,0,0,0,0,63,0,0,0,0,0,0,0,0,0,0,0,0,0,0,44,38,0,0,0,0,0,0,0,0,0,0,0,0,0,0,0,0,0,0,0,0,0,0,0,0,0,0,12,0,0,0,0,0,0,0,0,0,0,0,0,0,0,0,0,0,0,0,0,0,0,0,0,0,0,0,0,0,TTGATGCTATGC,TAATCCACAGCG,,Adult,5,Motobu,Okinawa,Central Ryukyus,Pocillopora,Pocillopora damicornis,2015
Mot3,65,0,545,0,0,14,290,903,0,463,0,0,0,0,0,0,0,0,0,0,181,0,0,35,0,0,0,0,0,0,77,0,0,0,0,47,19,0,0,0,0,0,0,0,0,0,0,0,0,0,16,66,0,0,0,0,0,0,0,0,0,0,0,0,0,0,0,0,0,0,0,41,0,0,0,0,0,0,0,0,0,0,0,0,0,0,0,0,0,0,0,0,0,0,0,0,0,0,0,0,0,0,0,0,0,0,0,0,CACATCTAACAC,TAATCCACAGCG,,Adult,5,Motobu,Okinawa,Central Ryukyus,Pocillopora,Pocillopora damicornis,2015
Mot5,0,0,304,0,0,0,68,1512,0,197,0,0,0,0,0,0,0,0,0,0,285,0,0,0,0,0,0,0,0,0,26,0,0,0,0,0,28,0,0,0,0,0,0,0,0,0,0,0,0,0,0,0,0,0,0,0,0,0,0,0,0,0,21,0,0,0,0,0,0,54,0,0,0,0,0,0,0,0,0,0,0,0,0,0,0,0,0,0,0,0,0,0,0,0,0,0,0,0,0,0,0,0,0,0,0,0,0,0,TAACACCACATC,GGTCACTGACAG,,Adult,5,Motobu,Okinawa,Central Ryukyus,Pocillopora,Pocillopora damicornis,2015
Mot6,0,0,270,0,0,0,1860,0,0,0,0,0,0,0,0,0,0,0,0,0,0,0,23,0,0,0,0,0,0,0,0,0,0,0,0,0,34,0,0,0,0,0,0,0,0,0,0,0,0,0,0,0,0,0,0,0,0,0,0,0,0,0,0,0,0,0,0,0,0,0,0,0,0,0,0,0,0,0,0,0,0,0,0,0,0,0,0,0,0,0,0,0,0,0,0,0,0,0,0,0,0,0,0,0,0,0,0,0,GACACATTTCTG,GGTCACTGACAG,,Adult,5,Motobu,Okinawa,Central Ryukyus,Pocillopora,Pocillopora damicornis,2015
MS1,820,0,0,0,319,0,0,0,31,0,0,0,0,0,0,0,0,0,0,0,0,0,0,151,0,0,0,0,0,0,0,0,76,0,0,0,8,0,0,0,0,0,52,0,0,0,0,112,0,33,0,0,0,0,0,0,0,0,0,0,0,0,0,0,60,0,0,0,0,0,0,0,0,0,0,0,0,0,0,0,0,0,0,0,0,0,0,0,0,0,0,0,0,0,0,0,0,0,0,0,0,0,0,0,0,0,0,0,ACCACATACATC,TAATCCACAGCG,,Adult,40.9,Shigeo Reef,Okinawa,Central Ryukyus,Acropora,Acropora tenella,2012
MS12,306,0,141,0,395,54,0,0,53,0,0,0,0,0,0,0,0,0,0,0,0,0,0,0,0,0,0,0,0,0,0,0,0,0,0,0,2,0,0,0,0,0,0,0,0,0,0,0,0,0,0,0,0,0,0,0,0,0,0,0,0,0,0,0,0,0,0,0,0,0,0,0,0,0,0,0,0,0,0,0,0,0,0,0,0,0,0,0,0,0,0,0,0,0,0,0,0,0,0,0,0,0,0,0,0,0,0,0,ACAAGGAGGTGA,TAATCCACAGCG,,Adult,48,Bise,Okinawa,Central Ryukyus,Cycloseris,Cycloseris sp.,2011
MS13,114,0,259,0,116,11,0,0,25,0,0,0,0,0,0,285,0,0,0,0,0,0,0,0,0,0,88,16,0,76,0,0,0,0,0,0,7,0,0,0,0,0,0,0,0,0,0,0,0,0,0,0,57,0,0,0,0,0,25,0,0,0,0,0,0,0,0,0,0,0,0,0,0,0,0,18,0,0,0,0,0,0,0,0,0,0,0,0,0,0,14,14,0,0,0,0,0,0,0,0,0,0,5,0,0,0,0,0,TATCAGGTGTGC,TAATCCACAGCG,,Adult,39.3,Shigeo Reef,Okinawa,Central Ryukyus,Seriatopora,Seriatopora hystrix,2012
MS1787,283,0,0,0,0,0,0,0,409,0,0,0,0,0,0,0,0,0,0,0,0,0,0,0,0,0,0,0,0,0,0,0,0,0,81,0,27,0,0,0,0,0,0,0,50,0,0,0,0,0,0,0,0,0,0,0,0,0,0,0,0,0,0,0,0,0,0,0,0,0,0,0,0,0,0,0,0,0,0,0,0,0,0,0,0,0,0,0,0,0,0,0,0,0,0,0,0,0,0,0,0,0,0,0,0,0,0,0,CCATAGGGTTCA,CCAAGTCTTACA,,Adult,25,Nagura,Ishigaki,Yaeyama,Leptoseris,Leptoseris papyracea,2017
MS1796,0,0,67,0,0,4,0,0,0,0,0,0,0,0,0,0,0,0,0,0,0,0,0,0,0,0,0,0,0,0,0,0,0,0,0,0,0,0,0,0,0,0,0,0,0,0,0,0,0,0,0,0,0,0,0,0,0,0,0,0,0,0,0,0,0,0,0,0,0,0,0,0,0,0,0,0,0,0,0,0,0,0,0,0,0,0,0,0,0,0,0,0,0,0,0,0,0,0,0,0,0,0,0,0,0,0,0,0,GCATGGCTCTAA,GCTCGAAGATCG,,Adult,23.5,Nagura,Ishigaki,Yaeyama,Bernardpora,Bernardpora stuchburyi,2017
MS1798,84,0,0,0,0,0,0,0,106,0,0,0,0,0,0,0,0,0,0,0,0,0,0,0,0,0,0,0,0,0,0,0,0,0,0,0,0,0,0,0,0,0,0,0,0,0,0,0,0,0,0,0,0,0,0,0,0,0,0,0,0,0,0,0,0,8,0,0,0,0,0,0,0,0,0,0,0,0,0,0,0,0,0,0,0,0,0,0,0,0,0,0,0,0,0,0,0,0,0,0,0,0,0,0,0,0,0,0,GTATTACGATCC,CGCAAATTCGAC,,Adult,23.5,Nagura,Ishigaki,Yaeyama,Podabacia,Podabacia sp.,2017
MS1799,401,0,0,0,0,0,0,0,599,0,0,0,0,0,0,0,0,0,0,0,0,0,0,0,0,0,0,0,0,0,0,0,35,0,103,0,16,0,0,0,0,0,0,0,88,0,0,0,0,0,0,0,0,0,0,0,0,0,0,0,0,0,0,0,0,19,0,0,0,0,0,0,0,0,0,0,0,0,0,0,0,0,0,0,0,0,18,0,0,0,0,0,0,0,0,0,0,0,0,0,0,0,0,0,0,0,0,0,TTGATGCTATGC,CGCAAATTCGAC,,Adult,23,Nagura,Ishigaki,Yaeyama,Pavona,Pavona varians,2017
MS1995,138,0,120,0,0,0,0,0,0,0,0,0,0,0,0,0,0,0,0,0,0,0,0,0,0,0,0,0,0,0,0,0,0,0,0,0,0,0,0,0,0,37,0,0,0,0,0,0,0,22,0,0,0,0,31,0,0,0,0,0,0,0,0,0,0,0,0,0,0,0,0,0,0,0,0,0,0,0,0,0,0,0,0,0,0,0,0,0,0,0,0,0,0,0,0,0,0,0,0,4,0,0,0,0,0,0,0,0,TAACACCACATC,ACACTAGATCCG,,Adult,55,DSR,Okinawa,Central Ryukyus,Echinophyllia,Echinophyllia sp,2018
MS1996,0,0,13,0,0,0,0,0,0,0,0,0,0,0,0,0,0,0,0,0,0,0,0,0,0,0,0,0,0,0,0,0,0,0,0,0,0,0,0,0,0,0,0,0,0,0,0,0,0,0,0,0,0,0,0,0,0,0,0,0,0,0,0,0,0,0,0,0,0,0,0,0,0,0,0,0,0,0,0,0,0,0,0,0,0,0,0,0,0,0,0,0,0,0,0,0,0,0,0,0,0,0,0,0,0,0,0,0,GACACATTTCTG,ACACTAGATCCG,,Adult,55,DSR,Okinawa,Central Ryukyus,Montipora,Montipora sp.,2018
MS2,157,0,1547,0,129,17,0,0,27,135,0,0,0,0,0,0,0,0,0,0,0,0,0,0,0,0,0,0,0,0,0,0,0,0,0,0,2,0,0,0,0,0,0,0,0,0,0,0,0,0,0,0,0,0,0,0,0,0,0,0,68,0,0,0,0,0,0,0,0,0,0,0,0,0,0,0,0,0,0,0,0,0,21,0,0,0,0,0,0,0,0,0,0,0,0,0,0,0,0,0,0,0,0,0,0,0,0,0,AACACAAGGAGT,TAATCCACAGCG,,Adult,41.1,Shigeo Reef,Okinawa,Central Ryukyus,Galaxea,Galaxea cf. astreata,2012
MS2007,0,0,1132,0,0,16,0,0,0,553,0,0,0,0,0,0,0,0,0,0,0,593,0,0,0,0,0,0,0,0,0,0,0,0,0,0,20,0,0,0,0,0,0,0,0,0,0,0,0,0,0,0,0,0,0,0,0,0,0,0,0,0,0,0,0,0,0,0,0,0,0,0,0,0,0,0,0,0,0,0,0,0,27,0,0,0,0,0,0,0,0,0,0,0,0,0,0,0,0,0,0,0,0,0,0,2,0,0,CTCTACCTCTAC,CGCAAATTCGAC,,Adult,72,MinnaSone,Okinawa,Central Ryukyus,Hydnophora,Hydnophora sp.,2018
MS2200,0,0,213,0,0,0,0,0,0,0,0,0,0,0,0,0,0,0,0,0,0,0,0,0,0,0,0,0,0,0,0,0,0,0,0,0,9,0,0,0,0,0,0,0,0,0,0,0,0,0,0,0,0,0,0,0,0,0,0,0,0,0,0,0,0,0,0,0,0,0,0,0,0,0,0,0,0,0,0,0,0,0,0,0,0,0,0,0,0,0,0,0,0,0,0,0,0,0,0,0,0,0,0,0,0,0,0,0,TCGGAGTGTTGT,CGCAAATTCGAC,,Adult,75,Awa,Okinawa,Central Ryukyus,Leptoseris,Leptoseris sp.,2022
MS2201,0,0,108,0,0,15,0,0,0,0,0,0,0,0,0,0,0,0,0,0,0,0,0,0,0,0,0,0,0,0,0,0,0,0,0,0,0,0,0,0,0,0,0,0,0,0,0,0,0,0,0,0,0,0,0,0,0,0,0,0,0,0,0,0,0,0,0,0,0,0,0,0,0,0,0,0,0,0,0,0,0,0,0,0,0,0,0,0,0,0,0,0,0,0,0,0,0,0,0,0,0,0,0,0,0,0,0,0,TCAACAGCATCG,CGCAAATTCGAC,,Adult,75,Awa,Okinawa,Central Ryukyus,Leptoseris,Leptoseris sp.,2022
MS2204,106,0,291,0,0,17,0,0,0,0,0,0,0,0,0,0,0,0,0,0,0,0,0,0,0,0,0,45,0,0,0,0,0,0,0,0,22,0,0,0,0,0,0,0,0,0,0,0,0,0,0,0,0,0,0,0,0,0,0,0,0,0,0,0,0,0,0,0,0,0,0,0,0,0,0,0,0,0,0,0,0,0,0,0,0,0,0,0,0,0,0,0,0,0,0,0,0,0,0,0,0,0,0,0,0,0,0,0,TAGCGGATCACG,ATGGACCGAACC,,Adult,75,Awa,Okinawa,Central Ryukyus,Leptoseris,Leptoseris sp.,2022
MS2229,0,0,0,0,0,0,0,0,0,0,0,0,0,0,0,0,0,0,0,0,0,0,0,0,0,0,0,0,0,0,0,0,0,0,0,0,0,0,0,0,0,0,0,0,0,0,0,0,0,0,0,0,0,0,0,0,0,83,0,0,0,0,0,0,0,5,0,0,0,0,0,0,0,0,0,0,0,0,0,0,0,0,0,0,0,0,0,16,0,0,0,0,0,0,0,0,0,0,8,0,0,0,0,0,0,0,0,0,ATTGGGCTAGGC,AGCCGGCACATA,Meron,Adult,35,Yabu,Okinawa,Central Ryukyus,Montipora,Montipora sp.,2022
MS2234,0,439,155,172,0,0,0,0,0,0,0,0,0,0,0,0,0,0,0,45,0,0,0,0,0,0,0,0,0,0,0,0,0,0,0,0,6,0,0,0,0,0,0,0,0,0,0,0,0,0,0,0,0,0,0,0,0,0,0,0,0,0,0,0,0,0,0,8,0,0,0,0,0,0,0,0,0,0,0,0,0,0,0,0,0,0,0,0,0,0,0,0,0,0,0,0,0,0,0,0,0,0,0,0,0,0,0,0,TGTTATCGCACA,CCAAGTCTTACA,Meron,Adult,40,Nakanose,Okinawa,Central Ryukyus,Acropora,Acropora cf. tenella,2022
MS2235,105,800,0,293,0,0,0,0,0,0,0,0,0,0,0,0,0,0,0,0,0,0,0,0,0,0,0,0,0,0,0,0,0,0,0,0,0,0,0,0,0,0,0,0,0,0,0,0,0,0,0,0,0,0,0,0,0,0,0,0,0,0,0,0,0,0,0,0,0,0,0,0,0,0,0,0,0,0,0,0,0,0,0,0,0,0,0,0,0,0,0,0,0,0,0,0,0,0,0,0,0,0,0,0,0,0,0,0,TCGTCGATAATC,CCAAGTCTTACA,Meron,Adult,38,Nakanose,Okinawa,Central Ryukyus,Acropora,Acropora sp.,2022
MS2242,659,38,0,45,0,0,0,0,0,0,0,0,0,0,0,0,0,0,0,0,0,0,0,206,0,0,0,0,0,0,0,0,0,0,0,0,0,3,0,0,0,0,90,0,0,0,0,0,0,0,0,0,0,0,0,0,0,0,0,0,0,66,0,0,0,0,0,0,0,0,0,0,0,0,0,0,0,0,0,0,0,0,0,0,0,0,0,0,0,0,0,0,0,0,0,0,0,0,0,0,0,0,0,0,0,0,0,0,GCAGGATAGATA,AGCCGGCACATA,Meron,Adult,38.5,Awa,Okinawa,Central Ryukyus,Acropora,Acropora sp.,2022
MS2262,290,0,0,0,0,0,0,0,339,0,0,0,0,0,0,0,0,0,0,0,0,0,0,0,0,0,0,0,0,0,0,0,48,0,0,0,0,0,0,0,0,0,0,0,0,0,0,0,0,0,0,0,0,0,0,95,0,0,0,0,0,0,0,0,0,38,0,0,0,0,0,0,0,0,0,0,0,0,0,0,0,0,0,0,0,0,0,0,0,0,0,0,0,0,0,0,0,0,0,0,0,0,0,0,0,0,0,0,TGTTATCGCACA,ACACTAGATCCG,Meron,Adult,39.5,Shigeo Reef,Okinawa,Central Ryukyus,Pachyseris,Pachyseris speciosa,2022
MS2265,0,0,0,0,0,0,0,0,0,0,0,0,0,0,0,0,0,0,0,0,0,0,0,0,0,0,0,0,0,0,0,0,0,0,0,0,0,0,0,0,0,0,0,0,0,0,0,0,0,0,0,0,0,0,0,0,0,0,0,0,0,0,0,0,0,0,0,0,0,0,0,0,0,0,0,0,0,0,0,0,0,0,0,0,0,0,0,0,0,0,0,0,0,0,0,0,10,0,0,0,0,0,0,0,0,0,0,0,ATTGGGCTAGGC,ACACTAGATCCG,Meron,Adult,39.3,Shigeo Reef,Okinawa,Central Ryukyus,Pachyseris,Pachyseris speciosa,2022
MS2362,0,0,0,0,0,0,0,0,0,0,0,0,0,0,0,0,0,0,0,0,0,0,0,0,315,0,0,0,0,0,0,0,0,0,0,0,3,0,0,0,0,0,0,0,0,0,0,0,0,0,0,0,0,0,0,0,0,0,0,0,0,0,0,0,0,0,0,0,0,0,0,0,0,0,0,0,0,0,0,0,0,0,0,0,0,0,0,0,0,0,0,0,0,0,0,0,0,0,0,0,0,0,0,0,0,0,0,0,GCAGGATAGATA,CCAAGTCTTACA,Meron,Adult,57.4,DSR2,Okinawa,Central Ryukyus,Montipora,Montipora sp.,2022
MS2370,82,0,352,0,0,21,0,0,0,0,0,0,0,0,0,0,0,0,0,0,0,0,0,0,0,0,0,0,0,0,0,0,0,0,0,0,66,0,0,0,0,0,0,0,0,0,0,0,0,0,0,0,0,0,0,0,0,0,0,0,0,0,0,0,0,0,0,0,0,0,0,0,0,0,0,0,0,0,0,0,0,0,0,0,0,0,0,0,0,0,0,0,0,0,0,0,0,0,0,0,0,0,0,0,0,0,0,0,CACATCTAACAC,ATGGACCGAACC,,Adult,80.3,Minnajima,Okinawa,Central Ryukyus,Leptoseris,Leptoseris sp.,2022
MS2372,252,0,703,0,0,14,0,0,0,0,0,0,0,0,0,0,0,0,0,0,0,0,0,0,0,0,0,126,0,0,0,0,0,0,0,0,73,0,0,0,0,0,0,0,0,0,0,0,0,0,0,0,0,0,0,0,0,0,35,0,0,0,0,0,0,0,0,0,0,0,0,0,29,0,0,0,0,0,0,0,28,28,0,0,0,0,0,0,0,0,0,0,0,0,0,0,0,0,0,0,0,0,0,0,0,0,0,0,TTGATGCTATGC,ATGGACCGAACC,,Adult,83.9,Minnajima,Okinawa,Central Ryukyus,Leptoseris,Leptoseris sp.,2022
MS2386,5238,0,0,0,0,0,0,0,0,0,0,0,0,0,0,0,0,0,0,0,0,0,0,0,0,0,0,0,0,0,0,0,0,0,0,0,111,0,0,0,144,0,0,0,0,0,0,0,0,0,0,0,0,100,0,0,0,0,0,0,0,0,0,0,0,0,0,0,0,0,0,0,0,0,0,0,0,0,0,0,0,0,0,0,0,0,0,0,0,0,0,0,0,0,0,0,0,0,0,0,6,0,0,0,0,0,0,0,TTATGCAGTCGT,GACTCGAATCGT,,Adult,78.2,MinnaSone,Okinawa,Central Ryukyus,Madracis,Madracis kyrbyi,2022
MS2389,53,0,215,0,0,0,0,0,0,0,0,0,0,0,0,0,0,0,0,0,0,0,0,0,0,0,0,0,0,0,0,0,0,0,0,0,24,0,0,0,0,0,0,0,0,0,0,0,0,0,0,0,0,0,0,0,0,0,0,0,0,0,0,0,0,0,0,0,0,0,0,0,0,0,0,0,0,0,0,0,0,0,0,0,0,0,0,0,0,0,0,0,0,0,0,0,0,0,0,0,0,0,0,0,0,0,0,0,TTATGCAGTCGT,CGCAAATTCGAC,,Adult,79.7,MinnaSone,Okinawa,Central Ryukyus,Echinophyllia,Echinophyllia sp,2022
MS2416,0,0,19,0,0,0,0,0,0,0,0,0,0,0,0,0,0,0,0,0,0,0,0,0,0,0,0,0,0,0,0,0,0,0,0,0,73,0,0,0,0,0,0,0,0,0,0,0,0,0,0,0,0,0,0,0,0,0,0,0,0,0,0,0,0,0,0,0,0,0,0,0,0,0,0,0,0,0,0,0,0,0,0,0,0,0,0,0,0,0,0,0,0,0,0,0,0,0,0,0,0,0,0,0,0,0,0,0,TCGGAGTGTTGT,TAATCCACAGCG,,Adult,120,OnnaSone,Okinawa,Central Ryukyus,Dendrophyllid,Dendrophyllid sp.,2022
MS2419,0,0,165,0,0,0,0,0,0,0,0,0,0,0,0,0,0,0,0,0,0,0,0,0,0,0,0,0,0,0,0,0,0,0,0,0,15,0,0,0,0,0,0,0,0,0,0,0,0,0,0,0,0,0,0,0,0,0,0,73,0,0,0,0,0,0,0,0,0,0,0,0,0,0,0,0,0,0,0,0,0,0,0,0,0,0,0,0,0,0,0,0,0,0,0,0,0,0,0,0,0,0,0,0,0,0,0,0,TGGCAAGACTCT,GGTCACTGACAG,,Adult,100,OnnaSone,Okinawa,Central Ryukyus,Leptoseris,Leptoseris sp.,2022
MS2421,0,0,296,0,0,0,0,0,0,0,0,0,0,0,0,0,0,0,0,0,0,0,0,0,0,0,0,0,0,0,0,0,0,0,0,0,3,0,0,0,0,0,0,0,0,0,0,0,0,0,0,0,0,0,0,0,0,0,0,0,0,0,0,62,0,0,0,0,0,0,0,0,0,0,0,0,0,0,0,29,0,0,0,0,0,0,0,0,0,0,0,0,0,0,0,0,0,0,0,0,0,0,0,0,0,0,0,0,TCAACAGCATCG,GGTCACTGACAG,,Adult,100,OnnaSone,Okinawa,Central Ryukyus,Leptoseris,Leptoseris sp.,2022
MS2422,57,0,1554,0,0,0,0,0,0,692,0,0,0,0,0,0,0,0,0,0,0,0,0,0,0,0,0,0,0,0,0,0,0,0,0,0,0,0,0,0,0,0,0,0,0,0,0,0,0,0,0,0,0,0,0,0,0,0,0,0,0,0,0,0,0,0,0,0,0,0,0,0,0,0,0,0,0,0,0,0,0,0,0,0,0,0,0,0,0,0,0,0,0,0,0,0,0,9,0,0,0,0,0,0,0,0,0,0,TTATGCAGTCGT,GGTCACTGACAG,,Adult,100,NiiSone,Okinawa,Central Ryukyus,Leptoseris,Leptoseris sp.,2022
MS2423,146,0,400,0,0,0,0,0,0,0,0,0,0,0,0,0,0,0,0,0,0,0,0,0,0,0,0,48,0,0,0,0,0,0,0,0,20,0,0,0,0,0,0,0,0,0,0,0,0,0,0,0,0,0,0,0,0,0,0,0,0,0,0,0,0,0,0,0,0,0,0,0,7,0,0,0,0,0,0,0,0,0,0,0,0,0,0,0,0,0,0,0,0,0,0,0,0,0,0,0,0,0,0,0,0,0,0,0,ATTAGTTCGCGT,GGTCACTGACAG,,Adult,100,NiiSone,Okinawa,Central Ryukyus,Leptoseris,Leptoseris sp.,2022
MS2424,0,0,227,0,0,0,0,0,0,0,0,0,0,0,0,0,0,0,0,0,0,0,0,0,0,0,0,0,0,0,0,0,0,0,0,0,9,0,0,0,0,0,0,0,0,0,0,0,0,0,0,0,0,0,0,0,0,0,0,0,0,0,0,0,0,0,0,0,0,0,0,0,0,0,0,0,0,0,0,0,0,0,0,0,0,0,0,0,0,0,0,0,0,0,0,0,0,0,0,0,0,0,0,0,0,0,0,0,TGGCAAGACTCT,ATGGACCGAACC,,Adult,100,NiiSone,Okinawa,Central Ryukyus,Leptoseris,Leptoseris sp.,2015
MS2429,692,0,8,0,0,0,0,0,0,0,0,0,0,0,0,0,0,0,0,0,0,0,0,0,0,0,0,0,0,0,0,0,0,0,0,0,0,0,0,0,0,0,0,0,0,0,0,0,0,0,0,0,0,0,0,0,0,0,0,0,0,0,0,0,0,0,0,0,0,0,0,0,0,0,0,0,0,0,0,0,0,0,0,0,0,0,0,0,0,0,0,0,0,0,0,0,0,0,0,0,0,0,0,0,0,0,0,0,TCGGAGTGTTGT,GACTCGAATCGT,,Adult,79,Minnajima,Okinawa,Central Ryukyus,Alveopora,Alveopora sp.,2022
MS2434,49,0,209,0,0,0,0,0,0,0,0,0,0,0,0,0,0,0,0,0,0,0,0,0,0,0,0,31,0,0,0,0,0,0,0,0,20,0,0,0,0,0,0,0,0,0,0,0,0,0,0,0,0,0,0,0,0,0,0,0,0,0,0,0,0,0,0,0,0,0,0,0,13,0,0,0,0,0,0,0,0,0,0,0,0,0,0,0,0,0,0,0,0,0,0,0,0,0,0,0,0,0,0,0,0,0,2,0,GACTCTTGGCAA,AGCCGGCACATA,Meron,Adult,80.2,Minnajima,Okinawa,Central Ryukyus,Leptoseris,Leptoseris sp.,2022
MS2443,882,0,466,0,0,25,0,0,0,0,0,0,0,0,6,0,0,0,0,0,0,0,0,0,0,0,0,0,0,0,0,0,0,0,0,0,43,0,0,0,0,0,0,0,0,0,0,56,0,50,0,0,0,0,64,0,0,0,0,0,0,0,0,0,0,0,0,0,0,0,0,0,0,0,0,0,0,0,0,0,0,0,0,0,0,0,0,0,0,0,0,0,0,0,0,0,0,0,0,0,0,0,0,0,0,0,0,0,TCAACAGCATCG,GACTCGAATCGT,,Adult,73,Minnajima,Okinawa,Central Ryukyus,Echinophyllia,Echinophyllia sp,2022
MS2463,56,0,375,0,0,30,0,0,0,242,0,0,0,0,0,0,0,40,0,835,0,0,0,0,0,0,0,0,0,0,0,0,0,0,0,0,3,0,0,0,0,0,0,0,0,0,0,0,0,0,0,0,0,0,0,0,0,0,0,0,0,0,0,0,0,0,0,0,0,0,0,0,0,0,0,0,35,0,0,0,0,0,0,0,0,0,0,0,0,0,0,0,0,0,0,0,0,0,0,0,0,0,0,0,0,0,0,0,AATGTCCGTGAC,ACACTAGATCCG,Meron,Adult,79.1,MinnaSone,Okinawa,Central Ryukyus,Leptoseris,Leptoseris sp.,2022
MS2516,152,0,2461,0,0,0,0,0,0,0,0,0,0,0,0,0,0,0,0,0,0,0,0,0,0,0,0,0,0,0,0,0,0,0,0,0,31,0,0,0,0,0,0,0,0,0,0,0,0,0,0,0,0,0,0,0,0,0,0,0,0,0,0,0,0,0,0,0,0,0,0,0,0,0,0,0,0,0,0,0,0,0,0,0,0,0,0,0,0,0,0,0,0,0,0,0,0,0,0,0,0,0,0,0,0,0,0,2,ATTAGTTCGCGT,TAATCCACAGCG,,Adult,96.4,MinnaSone,Okinawa,Central Ryukyus,Leptoseris,Leptoseris sp.,2022
MS3,488,0,0,0,228,21,0,0,741,0,0,0,0,0,0,0,0,0,0,0,0,0,0,0,0,0,0,0,0,0,0,0,0,0,0,0,3,0,0,0,0,0,0,0,0,0,0,0,0,0,0,0,0,0,0,0,0,0,0,0,0,0,0,0,0,14,0,0,0,0,0,0,0,0,0,0,0,0,0,0,0,0,0,0,0,0,0,0,0,0,0,0,0,0,0,0,0,0,0,0,0,0,0,0,0,0,0,0,AATGTCCGTGAC,TAATCCACAGCG,,Adult,41,Shigeo Reef,Okinawa,Central Ryukyus,Pachyseris,Pachyseris speciosa,2012
MS30,237,0,218,0,209,16,0,0,69,0,0,0,0,0,0,198,0,0,0,0,0,0,0,0,0,0,74,0,0,47,0,0,0,0,0,0,0,0,0,0,0,0,0,0,0,0,0,0,0,0,0,0,13,0,0,0,0,0,14,0,0,0,0,0,0,0,0,0,0,0,0,0,0,0,0,0,0,0,0,0,0,0,0,0,0,0,0,0,0,0,0,0,0,0,0,0,0,0,0,0,0,0,0,0,0,0,0,0,TGTAATTGTCGC,TAATCCACAGCG,,Adult,39.6,Shigeo Reef,Okinawa,Central Ryukyus,Seriatopora,Seriatopora hystrix,2012
MS4,180,0,0,0,173,1579,0,0,31,0,0,0,0,0,0,0,0,0,0,0,0,0,0,0,0,0,0,0,0,0,0,0,0,246,0,0,17,0,0,0,0,0,0,0,0,0,0,0,31,0,0,0,0,0,0,0,0,0,0,0,0,0,0,0,0,0,0,0,0,0,0,0,0,0,0,0,0,0,0,0,0,0,0,0,0,0,0,0,0,0,0,0,0,0,0,0,0,0,0,0,0,0,0,0,0,0,0,0,TACTTCGCTCGC,TAATCCACAGCG,,Adult,40.7,Shigeo Reef,Okinawa,Central Ryukyus,Porites,Porites sp.,2012
MS5,155,0,275,0,200,50,0,0,22,0,0,0,0,0,0,333,0,0,0,0,0,0,0,0,0,0,78,0,0,76,0,0,0,0,0,0,0,0,0,0,0,0,0,0,0,0,0,0,0,0,0,0,46,0,0,0,0,0,23,0,0,0,0,0,0,0,0,0,0,0,0,0,0,0,0,18,0,0,0,0,0,0,0,0,0,0,0,0,0,0,0,0,0,0,0,0,0,0,0,0,0,0,0,0,0,0,0,0,GCTTCGGTAGAT,TAATCCACAGCG,,Adult,45,Shigeo Reef,Okinawa,Central Ryukyus,Seriatopora,Seriatopora hystrix,2012
MS532,177,0,64,0,117,0,19,0,109,0,0,0,0,0,0,0,0,0,0,0,0,0,96,0,0,78,0,0,0,0,0,0,0,0,0,0,86,0,0,0,0,0,0,0,0,0,0,0,0,0,0,0,0,0,0,0,0,0,0,0,0,0,0,0,0,0,0,0,0,0,0,0,0,0,0,0,0,0,0,0,0,0,0,0,0,0,0,0,0,0,0,0,0,0,0,0,0,0,0,0,0,0,0,0,0,0,0,0,TCTGTTGCTCTC,GACTCGAATCGT,,Adult,39.6,Shigeo Reef,Okinawa,Central Ryukyus,Acropora,Acropora sp.,2012
MS533,150,0,98,0,140,0,0,0,32,0,0,0,3,0,0,45,0,0,0,0,0,0,30,0,0,0,0,0,0,0,0,0,0,0,0,0,13,0,0,0,0,0,0,0,0,0,0,0,0,0,0,0,0,0,0,0,0,0,0,0,0,0,0,0,0,0,0,0,0,0,0,0,0,0,0,0,0,0,0,0,0,0,0,0,0,0,0,0,0,0,0,0,0,0,0,0,0,0,0,0,0,0,0,0,0,0,0,0,AGCTTGACAGCT,GACTCGAATCGT,,Adult,39.6,Shigeo Reef,Okinawa,Central Ryukyus,Porites,Porites sp.,2012
MS534,92,0,142,0,121,7,0,0,23,0,0,0,0,0,0,155,0,0,0,0,0,0,13,0,0,0,0,0,0,0,0,0,0,0,0,0,3,0,0,0,0,0,0,0,0,0,0,0,0,0,0,0,0,0,0,0,0,0,17,0,0,0,0,0,0,0,0,0,0,0,0,0,0,0,0,0,0,0,0,0,0,0,0,0,0,0,0,0,0,0,0,0,0,0,0,0,0,0,0,0,0,0,0,0,0,0,0,0,AATGGAGCATGA,GACTCGAATCGT,,Adult,39.6,Shigeo Reef,Okinawa,Central Ryukyus,Galaxea,Galaxea sp.,2012
MS536,234,470,0,250,0,0,0,0,0,0,0,0,0,0,0,0,0,0,0,0,0,0,0,0,0,0,0,0,0,0,0,0,0,0,0,0,4,0,0,0,0,0,0,0,0,0,0,0,0,0,0,0,0,0,0,0,0,0,0,0,0,0,0,0,0,0,0,0,0,0,0,0,0,0,0,0,0,0,0,0,0,0,0,0,0,0,0,0,0,0,0,0,0,0,0,0,0,0,0,0,0,0,0,0,0,0,0,0,AGCCTAAGCACG,GACTCGAATCGT,,Adult,39,Shigeo Reef,Okinawa,Central Ryukyus,Galaxea,Galaxea cf. astreata,2012
MS6,245,0,565,0,285,54,0,0,50,109,0,0,0,0,0,0,0,0,0,296,0,0,0,0,0,0,0,0,0,0,0,0,0,0,0,0,24,0,0,0,0,0,0,0,0,0,0,0,0,0,0,0,0,0,0,0,0,0,0,0,0,0,0,0,0,0,0,47,0,0,0,0,0,0,0,0,0,0,0,0,0,0,0,0,0,0,0,0,0,0,0,0,0,0,0,0,0,0,0,0,0,0,0,0,0,0,0,0,CTTACACCAAGT,TAATCCACAGCG,,Adult,45,Shigeo Reef,Okinawa,Central Ryukyus,Acropora,Acropora tenella,2012
MS7,2424,0,0,0,0,9,0,0,18,0,0,0,0,0,0,0,0,0,0,0,0,0,0,0,0,0,0,0,0,0,0,0,0,0,0,0,49,153,0,0,0,0,0,0,0,129,0,0,0,0,0,0,0,0,0,0,0,0,0,0,0,0,0,0,0,0,0,0,55,0,0,0,0,0,0,0,0,0,0,0,0,0,0,0,0,0,0,0,15,15,0,0,0,0,0,0,0,0,0,0,0,0,0,0,0,0,0,0,TGACCTCCAAGA,TAATCCACAGCG,,Adult,45,Bise,Okinawa,Central Ryukyus,Alveopora,Alveopora sp.,2010
MS969,179,0,352,0,252,19,27,0,75,0,0,54,0,0,0,0,0,0,0,0,0,0,110,0,0,97,0,0,0,0,0,0,0,0,0,0,87,0,0,0,0,0,0,0,0,0,0,0,0,0,0,0,0,0,0,0,0,0,0,0,0,0,0,0,0,0,0,0,0,0,0,0,0,0,0,0,0,0,0,0,0,0,0,0,0,0,0,0,0,0,0,0,0,0,0,0,0,0,0,0,0,0,0,0,0,0,0,0,CGTCCGAAATAC,GACTCGAATCGT,,Adult,5,Sesoko,Okinawa,Central Ryukyus,Galaxea,Galaxea fascicularis,2014
MS986,328,535,0,338,93,23,0,0,36,0,0,0,0,0,0,0,0,0,0,0,0,0,0,0,0,0,0,0,0,0,0,0,0,0,0,0,21,0,0,0,0,0,0,0,0,0,0,0,0,0,0,0,0,0,0,0,0,0,0,0,0,0,0,0,0,0,0,0,0,0,0,0,0,0,0,0,0,0,0,0,0,0,0,0,0,0,0,0,0,0,0,0,0,0,0,0,0,0,0,0,0,0,0,0,0,0,0,0,ATACCTTCGGTA,GACTCGAATCGT,,Adult,6,Nagura,Ishigaki,Yaeyama,Acropora,Acropora sp.,2014
Odo1,0,0,0,0,0,0,0,0,0,0,0,0,0,18,0,0,0,0,0,0,0,0,0,0,0,0,0,0,0,0,0,0,0,0,0,0,0,0,0,0,0,0,0,0,0,0,0,0,0,0,0,0,0,0,0,0,0,0,0,0,0,0,0,0,0,0,0,0,0,0,0,0,0,0,0,0,0,0,0,0,0,0,0,0,0,0,0,0,0,0,0,0,0,0,0,0,0,0,0,0,0,0,0,0,0,0,0,0,TAACACCACATC,TAATCCACAGCG,,Adult,5,Odo,Okinawa,Central Ryukyus,Pocillopora,Pocillopora damicornis,2015
Odo2,0,0,0,0,0,19,0,19,0,0,0,0,0,38,0,0,0,0,0,0,0,0,18,0,0,28,0,0,0,0,0,0,0,0,0,0,13,0,0,0,0,0,0,0,0,0,0,0,0,0,0,0,0,0,0,0,0,0,0,0,0,0,0,0,0,0,0,0,0,0,0,0,0,0,0,0,0,0,0,0,0,0,0,0,0,0,0,0,0,0,0,0,0,0,0,0,0,0,0,0,0,0,0,0,0,0,0,0,GACACATTTCTG,TAATCCACAGCG,,Adult,5,Odo,Okinawa,Central Ryukyus,Pocillopora,Pocillopora damicornis,2015
Odo32,0,0,0,0,0,0,0,0,0,0,0,0,0,12,0,0,0,0,0,0,0,0,22,0,0,40,0,0,0,0,0,0,0,0,0,0,4,0,0,0,0,0,0,0,0,0,0,0,0,0,0,0,0,0,0,0,0,0,0,0,0,0,0,0,0,0,0,0,0,0,0,0,0,0,0,0,0,0,0,0,0,0,0,0,0,0,0,0,0,0,0,0,0,0,0,0,0,0,0,0,0,0,0,0,0,0,0,0,TAGCGGATCACG,TAATCCACAGCG,,Adult,5,Odo,Okinawa,Central Ryukyus,Pocillopora,Pocillopora damicornis,2015
Odo3d,0,26,0,0,0,56,0,12,0,0,0,0,0,103,0,0,0,0,0,0,0,0,14,0,0,0,0,0,0,0,0,0,50,0,0,0,10,0,0,0,0,0,0,0,0,0,0,0,0,0,0,0,0,0,0,0,0,0,0,0,0,0,0,0,0,0,0,0,0,0,0,0,0,0,0,0,0,0,0,0,0,0,0,0,0,0,0,0,0,0,0,0,0,0,0,0,0,0,0,0,0,0,0,0,0,0,0,0,CTCTACCTCTAC,TAATCCACAGCG,,Adult,5,Odo,Okinawa,Central Ryukyus,Pocillopora,Pocillopora damicornis,2015
Odo5,0,0,0,0,0,86,0,27,0,0,0,0,0,13,0,0,0,0,0,0,0,0,20,0,0,36,0,0,0,0,0,0,0,0,0,0,25,0,0,0,0,0,0,0,0,0,0,0,0,0,0,0,0,0,0,0,0,0,0,0,0,0,0,0,0,0,0,0,0,0,0,0,0,0,0,0,0,0,0,0,0,0,0,0,0,0,0,0,0,0,0,0,0,0,0,0,0,0,0,0,0,0,0,0,0,0,0,0,GTATTACGATCC,TAATCCACAGCG,,Adult,5,Odo,Okinawa,Central Ryukyus,Pocillopora,Pocillopora damicornis,2015
P12,0,0,0,0,0,508,0,0,0,0,0,0,0,0,0,0,0,0,0,0,0,0,0,0,0,0,0,0,0,0,0,0,0,0,0,0,0,0,0,0,0,0,0,0,0,0,0,0,0,0,0,0,0,0,0,0,0,0,0,0,0,0,0,0,0,0,0,0,0,0,0,0,0,0,0,0,0,0,0,0,0,0,0,0,0,0,0,0,0,0,0,0,0,0,0,0,0,0,0,0,0,0,0,0,0,0,0,0,ATCGCTCGAGGA,GCTCGAAGATCG,Saki,Planula,5,Sesoko,Okinawa,Central Ryukyus,Acropora,Acropora tenuis,2008
P13-5,0,2150,0,0,0,0,0,0,0,0,0,0,0,0,0,0,0,0,0,0,0,0,0,0,0,0,0,0,0,0,0,0,0,0,0,0,0,0,0,0,0,0,0,0,0,0,0,0,0,0,0,0,0,0,0,0,0,0,0,0,0,0,0,0,0,0,0,0,0,0,0,0,0,0,0,0,0,0,0,0,0,0,0,0,0,0,0,0,0,0,0,0,0,0,0,0,0,0,0,0,0,0,0,0,0,0,0,0,ACTCACGGTATG,ACACTAGATCCG,Saki,Planula,5,Sesoko,Okinawa,Central Ryukyus,Acropora,Acropora tenuis,2008
P2,13,1636,0,0,0,0,0,0,0,0,0,0,0,0,187,0,104,0,0,0,0,0,0,0,0,0,0,0,0,0,0,210,0,0,0,0,2,0,0,0,0,0,0,0,0,0,0,0,0,0,0,0,0,0,0,0,0,0,0,0,0,0,0,0,0,0,0,0,0,0,0,0,0,0,0,0,0,0,0,0,0,0,0,0,0,0,0,0,0,0,0,0,0,0,0,0,0,0,0,0,0,0,0,0,0,0,0,0,GTCTACACACAT,AGCCGGCACATA,Saki,Planula,5,Sesoko,Okinawa,Central Ryukyus,Acropora,Acropora tenuis,2008
P32-3,0,0,0,0,0,0,0,0,0,0,0,0,0,0,0,0,0,0,0,0,0,0,0,0,0,0,0,0,0,0,0,0,0,0,0,0,4,0,0,0,0,0,0,0,0,0,0,0,0,0,0,0,0,0,0,0,0,0,0,0,0,0,0,0,0,0,0,0,0,0,0,0,0,0,0,0,0,0,0,0,0,0,0,0,0,0,0,0,0,0,0,0,0,0,0,0,0,0,0,0,0,0,0,0,0,0,0,0,TCTACGGAGAGC,AGCCGGCACATA,Saki,Planula,5,Sesoko,Okinawa,Central Ryukyus,Acropora,Acropora tenuis,2008
P33-1,0,0,0,0,0,0,0,0,0,0,0,0,0,0,87,0,76,0,0,0,0,0,0,0,0,0,0,0,0,0,0,0,0,0,0,0,0,0,0,0,0,0,0,0,0,0,0,0,0,0,0,0,0,0,0,0,0,0,0,0,0,0,0,0,0,0,0,0,0,0,0,0,0,0,0,0,0,0,0,0,0,0,0,0,0,0,0,0,0,0,0,0,0,0,0,0,0,0,0,0,0,0,0,0,0,0,0,0,ATGGTTGTTGGC,AGCCGGCACATA,Saki,Planula,5,Sesoko,Okinawa,Central Ryukyus,Acropora,Acropora tenuis,2008
P33-2,0,0,0,0,0,0,0,0,319,0,0,0,0,0,0,0,0,0,0,0,0,0,0,0,0,0,0,0,0,0,0,0,0,0,0,0,0,0,0,0,0,0,0,0,0,0,0,0,0,0,0,0,0,0,0,0,0,0,0,0,0,0,0,0,0,0,0,0,0,0,0,0,0,0,0,0,0,0,0,0,0,0,0,0,0,0,0,0,0,0,0,0,0,0,0,0,0,0,0,0,0,0,0,0,0,0,0,0,TAACGCTTGGGT,GCTCGAAGATCG,Saki,Planula,5,Sesoko,Okinawa,Central Ryukyus,Acropora,Acropora tenuis,2008
P33-4,0,2215,0,0,0,0,0,0,0,0,0,0,0,0,0,0,0,0,0,0,0,0,0,0,0,0,0,0,0,0,0,0,0,0,0,0,0,0,0,0,0,0,0,0,0,0,0,0,0,0,0,0,0,0,0,0,0,0,0,0,0,0,0,0,0,0,0,0,0,0,0,0,0,0,0,0,0,0,0,0,0,0,0,0,0,0,0,0,0,0,0,0,0,0,0,0,0,0,0,0,0,0,0,0,0,0,0,0,ACGGCATGGCAT,CCAAGTCTTACA,Saki,Planula,5,Sesoko,Okinawa,Central Ryukyus,Acropora,Acropora tenuis,2008
P35-2,0,1506,0,0,0,0,0,0,0,0,0,0,0,0,0,0,0,0,0,0,0,0,0,0,0,0,0,0,0,0,0,0,0,0,0,0,0,0,0,0,0,0,0,0,0,0,0,0,0,0,0,0,0,0,0,0,0,0,0,0,0,0,0,0,0,0,0,0,0,0,0,0,0,0,0,0,0,0,0,0,0,0,0,0,0,0,0,0,0,0,0,0,0,0,0,0,0,0,0,0,0,0,0,0,0,0,0,0,ACGGCATGGCAT,GCTCGAAGATCG,Saki,Planula,5,Sesoko,Okinawa,Central Ryukyus,Acropora,Acropora tenuis,2008
P38,0,0,0,0,0,0,0,0,0,0,0,0,1046,0,0,0,0,0,0,0,0,0,0,0,0,0,0,0,0,0,0,0,0,0,0,0,0,0,0,0,0,0,0,0,0,0,0,0,0,0,0,0,0,0,0,0,0,0,0,0,0,0,0,0,0,0,0,0,0,0,0,0,0,0,0,0,0,0,0,0,0,0,0,0,0,0,0,0,0,0,0,0,0,0,0,0,0,0,0,0,0,0,0,0,0,0,0,0,CCTAGTACTGAT,AGCCGGCACATA,Saki,Planula,5,Sesoko,Okinawa,Central Ryukyus,Acropora,Acropora tenuis,2008
P41,0,0,1352,0,0,0,0,0,0,0,0,1391,0,0,0,0,0,0,0,0,0,0,0,0,0,0,0,0,0,0,0,0,0,0,0,0,2,0,0,0,0,0,0,0,0,0,0,0,0,0,0,0,0,0,0,0,84,0,0,0,0,0,0,0,0,0,0,0,0,0,0,0,0,0,0,0,0,0,0,0,0,0,0,0,0,0,0,0,0,0,0,0,13,0,0,0,0,0,0,0,0,0,0,0,0,0,0,0,AATCTTGCTGCA,AGCCGGCACATA,Saki,Planula,5,Sesoko,Okinawa,Central Ryukyus,Acropora,Acropora tenuis,2008
P45,0,5,0,0,0,0,0,0,0,0,0,0,560,0,0,0,0,0,0,0,0,0,0,0,0,0,0,0,63,0,0,0,0,0,0,0,0,0,0,148,0,0,0,0,0,0,125,0,0,0,0,0,0,0,0,0,0,0,0,0,0,0,0,0,0,0,0,0,0,0,0,0,0,46,0,0,0,0,0,0,0,0,0,0,0,0,0,0,0,0,0,0,0,0,0,0,0,0,0,0,0,0,0,0,0,0,0,0,AATCTTGCTGCA,GCTCGAAGATCG,Saki,Planula,5,Sesoko,Okinawa,Central Ryukyus,Acropora,Acropora tenuis,2008
P6,0,0,0,0,0,1151,0,0,0,0,0,0,0,780,0,0,0,0,0,0,0,0,0,0,0,0,0,0,0,0,0,0,0,0,0,0,282,0,0,0,0,0,0,0,0,0,0,0,0,0,0,0,0,0,0,0,35,0,0,0,0,0,0,0,0,0,0,0,0,0,0,0,0,0,0,0,0,0,0,0,0,0,0,0,0,0,0,0,0,0,0,0,0,0,0,0,0,0,0,0,0,0,0,0,0,0,0,0,ATACTTCGCAGG,AGCCGGCACATA,Saki,Planula,5,Sesoko,Okinawa,Central Ryukyus,Acropora,Acropora tenuis,2008
P75,0,0,0,0,0,0,0,0,0,0,0,0,0,0,0,0,0,0,0,0,0,0,0,0,0,0,0,0,0,0,0,0,0,0,0,0,1,0,0,0,0,0,0,0,0,0,0,0,0,0,0,0,0,0,0,0,0,0,0,0,0,0,0,0,0,0,0,0,0,0,0,0,0,0,0,0,0,0,0,0,0,0,0,0,0,0,0,0,0,0,0,0,0,0,0,0,0,0,0,0,0,0,0,0,0,0,0,0,TGCAATGTTGCT,GCTCGAAGATCG,Saki,Planula,5,Sesoko,Okinawa,Central Ryukyus,Acropora,Acropora tenuis,2008
P75-2,0,1270,0,0,0,0,0,0,0,0,0,0,0,0,0,0,0,0,0,0,0,0,0,0,0,0,0,0,0,0,0,0,0,0,0,0,0,0,0,0,0,0,0,0,0,0,0,0,0,0,0,0,0,0,0,0,0,0,0,0,0,0,0,0,0,0,0,0,0,0,0,0,0,0,0,0,0,0,0,0,0,0,0,0,0,0,0,0,0,0,0,0,0,0,0,0,0,0,0,0,0,0,0,0,0,0,0,0,TGCAATGTTGCT,GCTCGAAGATCG,Saki,Planula,5,Sesoko,Okinawa,Central Ryukyus,Acropora,Acropora tenuis,2008
P87,0,0,4,0,0,0,0,0,0,0,0,0,0,0,0,0,0,0,0,0,0,0,0,0,0,0,0,0,0,0,0,0,0,0,0,0,0,0,0,0,0,0,0,0,0,0,0,0,0,0,0,0,0,0,0,0,0,0,0,0,0,0,0,0,0,0,0,0,0,0,0,0,0,0,0,0,0,0,0,0,0,0,0,0,0,0,0,0,0,0,0,0,0,0,0,0,0,0,0,0,0,0,0,0,0,0,0,0,AATCTTGCTGCA,CCAAGTCTTACA,Saki,Planula,5,Sesoko,Okinawa,Central Ryukyus,Acropora,Acropora tenuis,2008
P88,0,0,0,0,0,0,0,0,0,0,0,0,0,0,1145,0,883,0,0,0,0,0,0,0,0,0,0,0,0,0,0,0,0,0,0,0,0,0,0,0,0,0,0,0,0,0,0,0,0,0,0,0,0,0,0,0,0,0,0,0,0,0,0,0,0,0,0,0,0,0,0,0,0,0,0,0,0,0,0,0,0,0,0,0,0,0,0,0,0,0,0,0,0,0,0,0,0,0,0,0,0,0,0,0,0,0,0,0,CGTGACAATGTC,GCTCGAAGATCG,Saki,Planula,5,Sesoko,Okinawa,Central Ryukyus,Acropora,Acropora tenuis,2008
P9,0,0,0,0,0,0,0,0,0,0,0,0,0,61,11,0,0,1011,0,0,0,0,0,0,0,0,0,0,0,0,0,0,0,0,0,0,0,0,153,0,0,0,0,0,0,0,0,0,0,0,0,0,0,0,0,0,0,0,0,0,0,0,0,0,0,0,0,0,0,0,0,0,0,0,0,0,0,0,0,0,0,0,0,0,0,0,0,0,0,0,0,0,0,0,0,0,0,0,0,0,0,0,0,0,0,0,0,0,CCTAGTACTGAT,GCTCGAAGATCG,Saki,Planula,5,Sesoko,Okinawa,Central Ryukyus,Acropora,Acropora tenuis,2008
SG14,141,0,0,0,254,18,0,0,0,0,0,0,0,0,0,0,0,0,0,0,0,0,0,0,0,0,0,0,0,0,0,0,0,0,0,0,3,0,0,0,0,0,0,0,0,0,0,0,0,0,0,0,0,0,0,0,0,0,0,0,0,0,0,0,0,0,0,0,0,0,0,0,0,0,0,0,0,0,0,0,0,0,0,0,0,0,0,0,0,0,0,0,0,0,0,0,0,0,0,0,0,0,0,0,0,0,0,0,CGCCAAATAACC,GACTCGAATCGT,,Adult,3,Sesoko,Okinawa,Central Ryukyus,Galaxea,Galaxea fascicularis,2023
SG18,0,0,0,0,360,13,0,0,0,0,323,0,42,0,0,0,0,0,0,0,0,0,0,0,0,0,0,0,0,0,0,0,0,0,0,0,2,0,0,0,0,0,0,0,0,0,0,0,0,0,0,0,0,0,0,0,0,0,0,0,0,0,0,0,0,0,0,0,0,0,0,0,0,0,0,0,0,0,0,0,0,0,0,0,0,0,0,0,0,0,0,0,0,0,0,0,0,0,0,0,0,0,0,0,0,0,0,0,TTGATGCTATGC,GACTCGAATCGT,,Adult,5,Sesoko,Okinawa,Central Ryukyus,Galaxea,Galaxea fascicularis,2023
SG20,0,21,0,0,1098,125,0,0,0,0,789,0,23,0,0,0,0,0,0,0,0,0,0,0,0,0,0,0,0,0,0,0,0,0,0,0,24,0,0,0,0,0,0,0,0,0,0,0,0,0,0,0,0,0,0,0,0,0,0,0,0,0,0,0,0,0,0,0,0,0,0,0,0,0,0,0,0,0,0,0,0,0,0,0,0,0,0,0,0,0,0,0,0,0,0,0,0,0,0,0,0,0,0,0,0,0,0,0,GCATGGCTCTAA,GACTCGAATCGT,,Adult,5,Sesoko,Okinawa,Central Ryukyus,Galaxea,Galaxea fascicularis,2023
SG21,153,387,695,181,0,17,0,0,0,0,0,196,54,0,0,0,0,0,0,0,0,0,0,0,0,0,0,0,42,0,0,0,0,0,0,0,5,0,0,0,0,0,0,0,0,0,0,0,0,0,0,0,0,0,0,0,0,0,0,0,0,0,0,0,0,0,0,0,0,0,0,0,0,0,0,0,0,0,0,0,0,0,0,0,0,0,0,0,0,0,0,0,0,0,0,0,0,0,0,0,0,0,0,0,0,0,0,0,CACATCTAACAC,GACTCGAATCGT,,Adult,5,Sesoko,Okinawa,Central Ryukyus,Galaxea,Galaxea fascicularis,2023
SG28,591,240,0,103,840,25,0,0,0,0,0,0,0,0,0,0,0,0,0,0,0,0,0,0,0,0,0,0,0,0,0,0,0,0,0,0,0,0,0,0,0,0,0,0,0,0,0,0,0,0,0,0,0,0,0,0,0,0,0,0,0,0,0,0,0,0,0,0,0,0,0,0,0,0,0,0,0,0,0,0,0,0,0,0,0,0,0,0,0,0,0,0,0,0,0,0,0,0,0,0,0,0,0,0,0,0,0,0,CCATAGGGTTCA,GACTCGAATCGT,,Adult,2,Motobu,Okinawa,Central Ryukyus,Galaxea,Galaxea fascicularis,2023
SG9,0,0,456,0,0,0,0,0,0,0,0,87,0,0,0,0,0,0,0,0,0,0,0,0,0,0,0,0,0,0,0,0,0,0,0,0,0,0,0,0,0,0,0,0,0,0,0,0,0,0,0,0,0,0,0,0,0,0,0,0,0,0,0,0,0,0,0,0,0,0,0,0,0,0,0,0,0,0,0,0,0,0,0,0,0,0,0,0,0,0,0,0,0,0,0,0,0,0,0,0,0,0,0,0,0,0,0,0,GACACATTTCTG,GACTCGAATCGT,,Adult,3,Sesoko,Okinawa,Central Ryukyus,Galaxea,Galaxea fascicularis,2023
SS40,1099,1217,91,1003,1294,0,0,0,0,0,0,0,0,0,0,0,0,0,0,0,0,0,0,0,0,0,0,13,5,0,0,0,0,0,0,0,76,0,0,0,0,0,0,0,0,0,0,0,0,0,0,0,0,0,0,0,0,0,0,0,0,0,0,0,0,0,0,0,0,0,0,0,0,0,0,0,0,0,0,0,0,0,0,0,0,0,0,0,0,0,0,0,0,0,0,0,0,0,0,0,0,6,0,0,0,0,0,0,TGACCTCCAAGA,CCAAGTCTTACA,Meron,Adult,20,Sesoko,Okinawa,Central Ryukyus,Cyphastrea,Cyphastrea sp.,2023
SS41,53,0,0,0,0,14,0,0,133,0,0,0,10,0,0,0,0,0,0,0,0,0,0,0,0,0,0,0,0,0,0,0,0,0,0,0,0,0,0,0,0,0,0,0,0,0,0,0,0,0,0,0,0,0,0,0,0,0,0,0,0,0,0,0,0,0,0,0,0,0,0,0,0,0,0,0,0,0,0,0,0,0,0,0,0,0,0,0,0,0,0,0,0,0,0,0,0,0,0,0,0,0,0,0,0,0,0,0,ACAAGGAGGTGA,CCAAGTCTTACA,Meron,Adult,9.5,Sesoko,Okinawa,Central Ryukyus,Leptoseris,Leptoseris yabei,2023
SS44,305,920,0,697,0,0,0,0,0,0,0,0,0,0,0,0,0,0,0,0,0,0,0,0,0,0,0,0,0,0,0,0,0,0,0,0,27,0,0,0,0,0,0,0,0,0,0,0,0,0,0,0,0,0,0,0,0,0,0,0,0,0,0,0,0,0,0,0,0,0,0,0,0,0,0,0,0,0,0,0,0,0,0,0,0,0,0,0,0,0,0,0,0,0,0,0,0,0,0,0,0,0,0,0,0,0,0,0,AATGGAGCATGA,CCAAGTCTTACA,Meron,Adult,8.5,Sesoko,Okinawa,Central Ryukyus,Acropora,Acropora tenuis,2023
SS45,0,0,0,0,0,0,0,0,0,0,1301,0,0,0,0,0,0,0,0,0,0,0,0,0,0,0,0,0,0,0,0,0,0,0,0,0,0,0,0,0,0,0,0,0,0,0,0,0,0,0,0,0,0,0,0,0,0,0,0,0,0,0,0,0,0,0,0,0,0,0,0,0,0,0,0,0,0,0,0,0,0,0,0,0,0,0,0,0,0,0,0,0,0,0,0,0,0,0,0,0,0,0,0,0,0,0,0,0,TGACCTCCAAGA,ACACTAGATCCG,Meron,Adult,5,Sesoko,Okinawa,Central Ryukyus,Cyphastrea,Cyphastrea sp.,2023
SS55,167,769,0,390,0,0,0,0,0,0,0,0,0,0,0,0,0,0,0,0,0,0,0,0,0,0,0,0,0,0,0,0,0,0,0,0,0,0,0,0,0,0,0,0,0,0,0,0,0,0,0,0,0,0,0,0,0,0,0,0,0,0,0,0,0,0,0,0,0,0,0,0,0,0,0,0,0,0,0,0,0,0,0,0,0,0,0,0,0,0,0,0,0,0,0,0,0,0,0,0,0,0,0,0,0,0,0,0,TGACCTCCAAGA,CGCAAATTCGAC,Meron,Adult,3,Sesoko,Okinawa,Central Ryukyus,Acropora,Acropora tenuis,2023
SS61,161,755,0,251,0,0,0,0,0,0,0,0,0,0,0,0,0,0,0,0,0,0,0,0,0,0,0,0,0,0,0,0,0,0,0,0,16,0,0,0,0,0,0,0,0,0,0,0,0,0,0,0,0,0,0,0,0,0,0,0,0,0,0,0,0,0,0,0,0,0,0,0,0,0,0,0,0,0,0,0,0,0,0,0,0,0,0,0,0,0,0,0,0,11,0,0,0,0,0,3,0,0,0,0,0,0,0,0,CGTCCGAAATAC,GCTCGAAGATCG,Meron,Adult,3,Nakanose,Okinawa,Central Ryukyus,Acropora,Acropora robusta,2023
SS63,0,0,453,0,0,0,538,0,0,222,0,0,0,0,0,0,0,0,0,0,0,0,0,0,0,0,0,0,0,0,48,0,0,0,0,0,13,0,0,0,0,0,0,0,0,0,0,0,0,0,0,0,0,0,0,0,0,0,0,0,0,0,0,0,0,0,56,0,0,0,0,0,0,0,0,0,0,0,17,0,0,0,0,0,0,0,0,0,0,0,0,0,0,0,0,0,0,0,0,0,0,0,0,0,0,0,0,0,GACTCTTGGCAA,GCTCGAAGATCG,Meron,Adult,6,Nakanose,Okinawa,Central Ryukyus,Pocillopora,Pocillopora sp.,2023
SS64,0,0,106,0,0,0,1204,0,0,0,0,0,0,0,0,0,0,0,0,0,0,0,0,0,0,0,0,0,0,0,0,0,0,0,0,0,0,0,0,0,0,0,0,0,0,0,0,0,0,0,0,0,0,0,0,0,0,0,0,0,0,0,0,0,0,0,0,0,0,17,0,0,0,0,0,0,0,0,0,0,0,0,0,0,0,0,0,0,0,0,0,0,0,0,0,0,0,0,0,0,0,0,0,0,0,0,0,0,ATACCTTCGGTA,AGCCGGCACATA,Meron,Adult,9,Nakanose,Okinawa,Central Ryukyus,Pocillopora,Pocillopora sp.,2023
SS65,204,867,0,422,0,0,0,0,0,0,0,0,0,0,0,0,0,0,0,0,0,0,0,0,0,0,0,0,0,0,0,0,0,0,0,0,3,0,0,0,0,0,0,0,0,0,0,0,0,0,0,0,0,0,0,0,0,0,0,0,0,0,0,0,0,0,0,0,0,0,0,0,0,0,0,0,0,0,0,0,0,0,0,0,0,0,0,0,0,0,0,0,0,0,0,0,0,0,0,0,0,0,0,0,0,0,0,0,AGCTTGACAGCT,CCAAGTCTTACA,Meron,Adult,7,Sesoko,Okinawa,Central Ryukyus,Acropora,Acropora tenuis,2023
SS72,43,0,0,0,939,0,0,0,0,0,886,0,0,0,0,0,0,0,0,0,0,0,0,0,0,0,0,0,0,0,0,0,0,0,0,0,0,0,0,0,0,0,0,0,0,0,0,0,0,0,0,0,0,0,0,0,0,0,0,0,0,0,0,0,0,0,0,0,0,0,0,0,0,0,0,0,0,0,0,0,0,0,0,0,0,0,0,0,0,0,0,0,0,0,0,0,0,0,0,0,0,0,0,0,0,0,0,0,AGTTCCCGAGTA,ACACTAGATCCG,Meron,Adult,8,Sesoko,Okinawa,Central Ryukyus,Echinopora,Echinopora lamellosa,2023
SS73,0,0,0,0,0,1079,0,0,0,0,0,0,0,0,0,0,0,0,422,0,0,0,0,0,0,0,0,0,0,0,0,0,0,0,0,0,4,0,0,0,0,0,0,78,0,0,0,0,0,0,0,0,0,0,0,0,0,0,0,0,0,0,0,0,0,0,0,0,0,0,0,0,0,0,0,0,0,0,0,0,0,0,0,0,23,0,0,0,0,0,0,0,0,0,0,0,0,0,0,0,0,0,0,0,0,0,0,0,AGCCTAAGCACG,ACACTAGATCCG,Meron,Adult,1,Sesoko,Okinawa,Central Ryukyus,Montipora,Montipora digitata,2023
SS74,0,0,0,0,0,619,0,0,0,0,0,0,0,0,0,0,0,0,296,0,0,0,0,0,0,0,0,0,0,0,0,0,0,0,0,0,7,0,0,0,0,0,0,63,0,0,0,0,0,0,0,0,0,0,0,0,0,0,0,0,0,0,0,0,0,0,0,0,0,0,0,0,0,0,0,0,0,0,0,0,0,0,0,0,0,0,0,0,0,0,0,0,0,0,0,0,0,0,0,0,0,0,0,0,0,0,0,0,ATACCTTCGGTA,ACACTAGATCCG,Meron,Adult,1,Sesoko,Okinawa,Central Ryukyus,Montipora,Montipora digitata,2023
SS77,0,0,0,0,0,1173,0,0,0,0,0,0,0,0,0,0,0,0,0,0,0,0,0,0,0,0,0,0,0,0,0,0,0,0,0,0,28,0,0,0,0,0,0,0,0,0,0,0,106,0,0,0,0,0,0,0,0,0,0,0,0,0,0,0,0,0,0,0,0,0,0,0,0,0,0,0,0,0,0,0,0,0,0,0,0,0,0,0,0,0,0,0,0,0,0,0,0,0,0,0,0,0,0,0,0,0,0,0,AGTTCCCGAGTA,GCTCGAAGATCG,Meron,Adult,1,Sesoko,Okinawa,Central Ryukyus,Montipora,Montipora digitata,2023
